_Glon,_Glat,_RAJ2000,_DEJ2000,recno,Name,EPA,GPA,Source,SimbadName,MASH,_RA,_DE,α_min,α_max,α_rango
0.0058715,-1.8637261,268.2433333,-29.8897222,1,G000.0-01.8,163,42,MASH,PN G000.0-01.8,MASH,268.24333,-29.88972,1.2078603352822914,2.2856122038858935,1.077751868603602
0.2306027,-1.9297012,268.4400792,-29.7295389,2,M 2-19,110,170,CAM98,PN M 2-19,MASH,268.44008,-29.72954,0.7504321330588799,2.676277178412022,1.925845045353142
0.2082207,-3.4499162,269.94875,-30.5097222,3,G000.2-03.4,100,160,MASH,PN G000.2-03.4,MASH,269.94875,-30.50972,1.367307037492051,2.9435817703889864,1.5762747328969353
0.3619126,12.2147404,255.3898833,-21.8257694,4,IC 4634,153,27,DSS2,IC 4634,MASH,255.38988,-21.82577,0.23139807407771606,2.2274398974273826,1.9960418233496666
0.298108,7.344573,259.6783333,-24.6902778,5,G000.3+07.3,90,145,MASH,PN G000.3+07.3,MASH,259.67833,-24.69028,0.13832749252769905,2.9509003161986294,2.8125728236709304
0.3156768,4.5272042,262.2804167,-26.2458333,6,G000.3+04.5,160,36,MASH,PN G000.3+04.5,MASH,262.28042,-26.24583,1.3919680590752206,2.112398875446129,0.7204308163709086
1.0335199,1.9781967,265.114025,-27.017475,7,K 1-4,155,33,DSS2,PN K 1-4,MASH,265.11402,-27.01747,0.609071778077171,2.704515674971532,2.095443896894361
1.2145686,-5.6613888,272.76125,-30.7033333,8,G001.2-05.6,138,19,MASH,PN G001.2-05.6,MASH,272.76125,-30.70333,1.1732545359559623,1.9463864806856987,0.7731319447297365
1.2409307,2.1714854,265.0533917,-26.7392694,9,He 2-262,21,78,HST,Hen 2-262,MASH,265.05339,-26.73927,1.3240508310300698,2.145429492965395,0.8213786619353254
1.5179666,-2.4585795,269.705,-28.8822222,10,G001.5-02.4,60,120,MASH,PN G001.5-02.4,MASH,269.705,-28.88222,0.9971331017144325,2.2641487873443435,1.267015685629911
1.590569,-6.7175867,274.0511119,-30.8689031,11,SwSt 1,126,8,HST,PN SwSt 1,MASH,274.05111,-30.8689,0.22158936216012198,2.9980234200375553,2.776434057877433
1.7135862,-4.4553352,271.8105917,-29.6901417,12,H 1-55,90,151,HST,PN H 1-55,MASH,271.81059,-29.69014,1.5072177663742385,1.9039238688475648,0.39670610247332627
1.8101666,-5.0306351,272.4454167,-29.8816667,13,G001.8-05.0,55,116,MASH,PN G001.8-05.0,MASH,272.44542,-29.88167,1.1177115231296335,2.19012491479285,1.0724133916632164
1.918116,2.1890508,265.43625,-26.1555556,14,G001.9+02.1,80,138,MASH,PN G001.9+02.1,MASH,265.43625,-26.15556,1.0491263041462224,2.115267910694655,1.0661416065484326
2.1006336,-13.4430384,281.4608333,-33.3422222,15,IC 4776,34,100,CAM98,IC 4776,MASH,281.46083,-33.34222,1.4807808023381261,2.214382878333607,0.7336020759954807
2.0702317,6.6100771,261.4229167,-23.6413889,16,G002.0+06.6,60,116,MASH,PN G002.0+06.6,MASH,261.42292,-23.64139,1.2381034245583715,2.4060441398714967,1.1679407153131252
2.0284621,1.5141615,266.1415417,-26.4158611,17,G002.0+01.5,115,173,MASH,PN G002.0+01.5,MASH,266.14154,-26.41586,1.3316374431940443,2.0200033229954513,0.688365879801407
2.0476035,-3.2523446,270.79125,-28.8141667,18,G002.0-03.2,95,155,MASH,PN G002.0-03.2,MASH,270.79125,-28.81417,0.5264756114051293,2.5661009373869796,2.0396253259818504
2.1782733,-2.4589364,270.0783333,-28.3097222,19,G002.1-02.4,130,10,MASH,PN G002.1-02.4,MASH,270.07833,-28.30972,0.5448817477528944,2.552387161212536,2.0075054134596417
2.120529,-2.8015351,270.3845833,-28.5291667,20,G002.1-02.8,15,75,MASH,PN G002.1-02.8,MASH,270.38458,-28.52917,1.1277884281208124,1.7632204810543768,0.6354320529335644
2.1151446,-4.204569,271.7801625,-29.2184306,21,H 1-54,137,18,HST,PN H 1-54,MASH,271.78016,-29.21843,0.23266461604329056,2.908814664282958,2.6761500482396676
2.2859823,5.7974571,262.29375,-23.9083333,22,G002.2+05.8,5,61,MASH,PN G002.2+05.8,MASH,262.29375,-23.90833,0.7394216331464859,3.061112972266629,2.321691339120143
2.2380619,-1.2642765,268.94,-27.6613889,23,G002.2-01.2,40,99,MASH,PN G002.2-01.2,MASH,268.94,-27.66139,0.7475716430777181,2.5609305157128155,1.8133588726350975
2.3348236,1.6954956,266.1475,-26.06,24,G002.3+01.7,35,93,MASH,PN G002.3+01.7,MASH,266.1475,-26.06,0.4406737919274876,2.7228906206673344,2.282216828739847
2.2913164,-9.4806492,277.2985542,-31.4997806,25,Cn 1-5,162,45,HST,PN Cn 1-5,MASH,277.29855,-31.49978,0.4801657923800728,2.441625416481783,1.9614596241017102
2.4321056,5.84699,262.3351792,-23.7595056,26,NGC 6369,135,44,DSS2,NGC 6369,MASH,262.33518,-23.75951,1.2748742922091414,2.616046996873387,1.3411727046642454
2.4409173,3.5098316,264.50125,-25.0127778,27,G002.4+03.5,46,103,MASH,PN G002.4+03.5,MASH,264.50125,-25.01278,0.8308179041235988,1.8048275819452528,0.974009677821654
2.4836144,1.1877279,266.7166667,-26.1972222,28,G002.4+01.1,62,120,MASH,PN G002.4+01.1,MASH,266.71667,-26.19722,1.3436366310383467,2.2281586464445233,0.8845220154061766
2.4116795,-5.0580669,272.8015417,-29.3679167,29,G002.4-05.0,15,76,MASH,PN G002.4-05.0,MASH,272.80154,-29.36792,1.3830292819496144,2.1787850212104534,0.795755739260839
2.3531253,-3.4122055,271.1203083,-28.6262639,30,H 2-37,71,131,HST,PN H 2-37,MASH,271.12031,-28.62626,0.28822849052537475,2.5989300331196987,2.310701542594324
2.519932,4.8055706,263.3445833,-24.2513889,31,G002.5+04.8,16,73,MASH,PN G002.5+04.8,MASH,263.34458,-24.25139,0.24658740560022366,3.032605927710409,2.7860185221101856
2.7386191,-4.8515021,272.77095,-28.9831472,32,M 1-42,21,83,CAM98,PN M 1-42,MASH,272.77095,-28.98315,1.4256985449792474,2.062712187795976,0.6370136428167286
2.8060739,-4.160953,272.1158333,-28.5936111,33,G002.8-04.1,65,126,MASH,PN G002.8-04.1,MASH,272.11583,-28.59361,0.6562162651923644,2.4025212469198847,1.7463049817275202
2.8000905,1.7471854,266.3679625,-25.636225,34,Te 1567,0,58,HST,Terz N 1567,MASH,266.36796,-25.63622,1.340203936131886,1.878444644570434,0.5382407084385479
2.9205482,-3.0465651,271.0720833,-27.9533333,35,G002.9-03.0,15,75,MASH,PN G002.9-03.0,MASH,271.07208,-27.95333,0.27414498123646114,1.5550716063984,1.280926625161939
3.0468515,-1.7692086,269.8883333,-27.2138889,36,G003.0-01.7,140,20,MASH,PN G003.0-01.7,MASH,269.88833,-27.21389,1.0492150536855065,2.1156178094053497,1.0664027557198432
3.1503948,5.2786741,263.2795417,-23.4673611,37,G003.1+05.2,135,12,MASH,PN G003.1+05.2,MASH,263.27954,-23.46736,0.864738196284991,2.762045298486625,1.897307102201634
3.124418,-1.6944399,269.85875,-27.1094444,38,G003.1-01.6,100,160,MASH,PN G003.1-01.6,MASH,269.85875,-27.10944,0.23928896285248571,2.910516484333451,2.671227521480965
3.1707946,2.928637,265.4698458,-24.7022417,39,Hb 4,140,18,HST,PN Hb 4,MASH,265.46985,-24.70224,0.15936271331626664,1.8093211668590237,1.649958453542757
3.3917396,-1.6663464,269.9804167,-26.8636111,40,G003.3-01.6,30,90,MASH,PN G003.3-01.6,MASH,269.98042,-26.86361,1.3581650330937363,1.9183768385318494,0.5602118054381131
3.553185,-2.4419678,270.8267,-27.1062806,41,IC 4673,126,7,DSS2,IC 4673,MASH,270.8267,-27.10628,0.09407342377215924,2.679892635965405,2.5858192121932455
3.5487513,4.5827059,264.1520833,-23.5058333,42,G003.5+04.5,35,92,MASH,PN G003.5+04.5,MASH,264.15208,-23.50583,0.4841430138859758,2.674603352792116,2.19046033890614
3.5281849,2.6750181,265.9133333,-24.5313889,43,G003.5+02.6,45,103,MASH,PN G003.5+02.6,MASH,265.91333,-24.53139,0.03933980768259656,2.4440905019698036,2.4047506942872072
3.5978105,-3.0937257,271.4908333,-27.3858333,44,G003.6-03.0,145,25,MASH,PN G003.6-03.0,MASH,271.49083,-27.38583,0.5204189210524318,1.580478152010437,1.060059230958005
3.8502351,-4.3520973,272.8719292,-27.771025,46,H 1-59,71,132,HST,PN H 1-59,MASH,272.87193,-27.77102,0.7837565169726769,2.3531514198232895,1.5693949028506124
4.0440615,-2.5972983,271.2479167,-26.7547222,47,G004.0-02.6,115,175,MASH,PN G004.0-02.6,MASH,271.24792,-26.75472,0.884192943020398,2.0983764625056254,1.2141835194852275
4.0378954,-2.7149421,271.3595833,-26.8175,48,G004.0-02.7,92,152,MASH,PN G004.0-02.7,MASH,271.35958,-26.8175,0.04197676433662889,2.888645268652876,2.8466685043162467
4.1543032,-3.3095165,272.0058333,-27.0044444,49,G004.1-03.3,85,145,MASH,PN G004.1-03.3,MASH,272.00583,-27.00444,0.9990221123745845,1.944468565496465,0.9454464531218806
4.2786078,-2.5541659,271.33375,-26.5291667,50,G004.2-02.5,140,20,MASH,PN G004.2-02.5,MASH,271.33375,-26.52917,0.16434869135116156,2.972593492088075,2.8082448007369134
4.5688915,6.0614235,263.3875,-21.8563889,51,G004.5 + 06.0,60,117,MASH,PN G004.5+06.0,MASH,263.3875,-21.85639,0.8180957737748493,2.46930698735203,1.6512112135771806
4.8343957,-1.1945535,270.3204167,-25.3772222,53,G004.8-01.1,32,92,MASH,PN G004.8-01.1,MASH,270.32042,-25.37722,0.795815910285596,2.400893709289111,1.605077799003515
4.8607824,2.05365,267.2520042,-23.7151639,54,H 2-25,41,99,HST,PN H 2-25,MASH,267.252,-23.71516,0.2698572465669579,2.985046615278002,2.715189368711044
4.9392847,4.936221,264.6262792,-22.1441333,55,M 1-25,40,97,HST,PN M 1-25,MASH,264.62628,-22.14413,0.9636706236384743,2.2485674829455964,1.2848968593071222
5.0677698,2.2421489,267.1916667,-23.4408333,56,G005.0+02.2,166,44,MASH,PN G005.0+02.2,MASH,267.19167,-23.44083,1.2936550032116052,2.1854593063228145,0.8918043031112093
5.4292298,-3.4574928,272.8345833,-25.9597222,57,G005.4-03.4,168,49,MASH,PN G005.4-03.4,MASH,272.83458,-25.95972,0.9330565060418452,2.8030387146295297,1.8699822085876845
5.902148,-9.853462,279.4775,-28.4586111,58,G005.9-09.8,140,24,MASH,PN G005.9-09.8,MASH,279.4775,-28.45861,1.4293375067373049,2.750928823934214,1.321591317196909
6.0792724,3.1500662,266.9116667,-22.1072222,59,M 1-28,14,73,DSS2,PN M 1-28,MASH,266.91167,-22.10722,1.471185315021202,3.028378189955838,1.5571928749346362
6.1247069,3.8653023,266.2770833,-21.6986111,60,G006.1+03.8,0,58,MASH,PN G006.1+03.8,MASH,266.27708,-21.69861,1.5126697950341927,2.602902565805533,1.0902327707713402
6.1178623,1.5313596,268.4392083,-22.9010833,61,G006.1+01.5,65,124,MASH,PN G006.1+01.5,MASH,268.43921,-22.90108,1.3150021272936168,1.9827008341474204,0.6676987068538036
6.1876359,8.3618594,262.2399167,-19.2647778,62,M 1-20,102,159,HST,PN M 1-20,MASH,262.23992,-19.26478,1.3843734021079708,2.375874291629457,0.9915008895214863
6.3674681,1.7542356,268.3679167,-22.5730556,63,G006.3+01.7,170,49,MASH,PN G006.3+01.7,MASH,268.36792,-22.57306,1.2040367804184475,2.2067372386314106,1.002700458212963
6.4158257,-3.4646182,273.3625,-25.0977778,64,G006.4-03.4,147,28,MASH,PN G006.4-03.4,MASH,273.3625,-25.09778,1.2805253483306003,3.1106230741992413,1.830097725868641
6.4740481,-5.5585934,275.4425,-26.0291667,65,G006.4-05.5,140,22,MASH,PN G006.4-05.5,MASH,275.4425,-26.02917,0.2159831222713392,2.5630588463363586,2.3470757240650193
6.5390833,8.7885469,262.0583333,-18.7419444,66,G006.5+08.7,54,111,MASH,PN G006.5+08.7,MASH,262.05833,-18.74194,1.5214437928397644,2.6462485496423773,1.124804756802613
6.5086601,-3.9150871,273.8491667,-25.23,67,G006.5-03.9,20,81,MASH,PN G006.5-03.9,MASH,273.84917,-25.23,0.9264415453029609,2.9423565948508994,2.0159150495479388
6.8027334,4.1604966,266.38225,-20.9671667,68,M 3-15,122,0,HST,PN M 3-15,MASH,266.38225,-20.96717,0.8149536312838107,2.7215050740184368,1.9065514427346262
7.1065082,7.388611,263.6258333,-19.0169444,69,G007.1+07.3,136,13,MASH,PN G007.1+07.3,MASH,263.62583,-19.01694,1.2533461635711043,1.8389230599425397,0.5855768963714354
7.1942523,4.9342519,265.8916667,-20.2322222,70,G007.1+04.9,118,176,MASH,PN G007.1+04.9,MASH,265.89167,-20.23222,0.8521813411638197,2.320960286556552,1.4687789453927325
7.1542244,-5.0033349,275.245,-25.1716667,71,G007.1-05.0,65,127,MASH,PN G007.1-05.0,MASH,275.245,-25.17167,0.9108069792820924,2.2516569671328845,1.3408499878507922
7.3587253,1.7688007,268.8945833,-21.7105556,72,G007.3+01.7,30,89,MASH,PN G007.3+01.7,MASH,268.89458,-21.71056,1.0410088282103018,2.259346495631082,1.21833766742078
7.4077462,1.7619397,268.9275,-21.6716667,73,G007.4+01.7,13,72,MASH,PN G007.4+01.7,MASH,268.9275,-21.67167,0.8970396967636604,2.3693837907801125,1.472344094016452
7.8124249,-3.7002351,274.3164458,-23.9818083,74,M 2-34,177,59,DSS2,PN M 2-34,MASH,274.31645,-23.98181,0.8730783499652309,2.36595682272249,1.4928784727572588
7.8795778,4.3337355,266.815,-19.9577778,75,G007.8+04.3,80,138,MASH,PN G007.8+04.3,MASH,266.815,-19.95778,1.3207575241468927,2.0004464169014424,0.6796888927545497
8.0757115,3.9050371,267.313375,-20.0095833,77,NGC 6445,149,110,DSS2,NGC 6445,MASH,267.31337,-20.00958,1.4552403067819077,1.812523899022211,0.35728359224030326
8.3349922,-1.1037981,272.1083083,-22.2814583,78,M 1-40,44,105,CAM98,PN M 1-40,MASH,272.10831,-22.28146,0.7515966500373049,2.5715421155934908,1.8199454655561857
8.3303406,9.6362684,262.3045833,-16.7951667,79,G008.3+09.6,120,177,MASH,PN G008.3+09.6,MASH,262.30458,-16.79517,0.5669628636639884,2.5262242662327257,1.9592614025687372
8.2862936,6.87504,264.7379167,-18.2930556,80,He 2-260,85,143,HST,Hen 2-260,MASH,264.73792,-18.29306,0.568845602480855,2.8979599091715156,2.3291143066906606
8.4399075,-2.8291517,273.8029167,-23.0177222,81,G008.4-02.8,85,146,MASH,PN G008.4-02.8,MASH,273.80292,-23.01772,0.2573681627354421,2.798030113476268,2.540661950740826
8.7447642,-4.209816,275.2841667,-23.3991389,82,G008.7-04.2,135,17,MASH,PN G008.7-04.2,MASH,275.28417,-23.39914,0.525988139155849,2.5945872152439247,2.0685990760880757
9.0083166,-2.2572526,273.5508333,-22.2461111,83,G009.0-02.2,15,76,MASH,PN G009.0-02.2,MASH,273.55083,-22.24611,0.905152355822077,2.001110681089823,1.095958325267746
9.0033937,-2.4528432,273.7341667,-22.3436111,84,G009.0-02.4,18,79,MASH,PN G009.0-02.4,MASH,273.73417,-22.34361,0.7492574240310573,2.0092493554732367,1.2599919314421792
9.4257557,-1.2291214,272.7941667,-21.3872222,85,G009.4-01.2,53,114,MASH,PN G009.4-01.2,MASH,272.79417,-21.38722,0.9888057142642921,2.4646961265940237,1.4758904123297316
9.654918,14.8136975,258.5180083,-12.910475,86,NGC 6309,56,114,DSS2,NGC 6309,MASH,258.51801,-12.91047,0.9165911522615539,1.9255091790256404,1.0089180267640865
9.662063,10.5141075,262.2584583,-15.2178889,87,A 41,143,21,DSS2,PN A66  41,MASH,262.25846,-15.21789,1.1060384864085664,1.8813426082150446,0.7753041218064782
9.80766,-1.1454056,272.9125,-21.0122222,88,G009.8-01.1,10,71,MASH,PN G009.8-01.1,MASH,272.9125,-21.01222,1.4897616634899147,2.264108368755881,0.7743467052659665
9.9454106,4.5856368,267.6983333,-18.0583333,89,G009.9+04.5,60,119,MASH,PN G009.9+04.5,MASH,267.69833,-18.05833,0.9051918757158993,2.2788925195864205,1.3737006438705213
10.0782959,-1.5135931,273.3975,-20.9513889,90,G010.0-01.5,65,126,MASH,PN G010.0-01.5,MASH,273.3975,-20.95139,0.3674172127755992,2.8492445978766847,2.4818273851010857
10.0988728,0.7394033,271.3046,-19.8430222,91,NGC 6537,38,99,DSS2,NGC 6537,MASH,271.3046,-19.84302,0.9433298434771281,2.730583083141498,1.7872532396643699
10.2112484,0.3434383,271.7304167,-19.9383333,92,G010.2+00.3,50,110,MASH,PN G010.2+00.3,MASH,271.73042,-19.93833,1.392813045156052,2.5465799404224967,1.1537668952664446
10.8988213,18.0554815,256.4081333,-10.1429389,93,M 2-9,179,57,DSS2,PN M 2-9,MASH,256.40813,-10.14294,1.064597276352524,2.2258235046126162,1.1612262282600923
10.8180515,-1.8270075,274.0688208,-20.4507417,95,NGC 6578,144,25,HST,NGC 6578,MASH,274.06882,-20.45074,1.5332243811041648,1.8923708603661982,0.35914647926203336
11.0010549,1.4442318,271.1216667,-18.7113889,96,G011.0+01.4,60,120,MASH,PN G011.0+01.4,MASH,271.12167,-18.71139,0.9541291826147285,2.278976153615327,1.3248469710005983
11.139102,11.5509203,262.14245,-13.4391167,97,M 2-13,40,98,CAM98,PN M 2-13,MASH,262.14245,-13.43912,1.084076744534495,2.1336755590975764,1.0495988145630815
11.3971504,17.9861212,256.7289625,-9.7830417,98,DeHt 10,175,53,DSS2,PN G011.4+17.9,MASH,256.72896,-9.78304,0.8415428625906957,2.298872077931902,1.4573292153412063
11.7436007,-0.6497274,273.4380667,-19.0760194,99,NGC 6567,107,168,HST,NGC 6567,MASH,273.43807,-19.07602,0.5190618105753416,2.5206831970161945,2.0016213864408527
11.9927685,7.3678568,266.28125,-14.8897222,100,G011.9+07.3,165,44,MASH,PN G011.9+07.3,MASH,266.28125,-14.88972,0.5856184934462351,2.527206038849932,1.9415875454036966
12.1662629,2.7999813,270.4820833,-17.0311111,101,G012.1+02.8,150,30,MASH,PN G012.1+02.8,MASH,270.48208,-17.03111,1.278524877203881,2.865441279105596,1.586916401901715
12.5529647,4.3310591,269.29375,-15.9380556,103,G012.5+04.3,113,173,MASH,PN G012.5+04.3,MASH,269.29375,-15.93806,0.553723979560997,2.965483103296506,2.411759123735509
13.1611882,5.0680378,268.9433333,-15.0455556,104,G013.1+05.0,85,145,MASH,PN G013.1+05.0,MASH,268.94333,-15.04556,0.13643236018607435,3.0037418043470083,2.867309444160934
13.1177809,4.1526105,269.744975,-15.5374417,105,M 1-33,30,90,HST,PN M 1-33,MASH,269.74497,-15.53744,1.4435267303182888,2.3328767082135564,0.8893499778952676
13.6825284,-4.6547868,278.1445833,-19.2352778,106,G013.6-04.6,90,152,MASH,PN G013.6-04.6,MASH,278.14458,-19.23528,0.835164811761285,2.3944666837660726,1.5593018720047875
13.7938473,-15.3072386,288.5477708,-23.6910694,107,We 4-5,141,27,DSS2,[W95] 5,MASH,288.54777,-23.69107,0.6141230530316659,2.79262142293099,2.178498369899324
13.8849679,-2.8145679,276.5178167,-18.2088333,108,SaWe 3,133,15,DSS2,PN SaWe 3,MASH,276.51782,-18.20883,0.9973494717351226,2.3852955597776395,1.387946088042517
14.6191875,2.3527837,272.1329167,-15.1105556,109,G014.6+02.3,50,110,MASH,PN G014.6+02.3,MASH,272.13292,-15.11056,1.121833849306495,1.9735700654261732,0.8517362161196782
14.6576562,1.0124685,273.3708333,-15.7219444,110,G014.6+01.0,175,56,MASH,PN G014.6+01.0,MASH,273.37083,-15.72194,1.4881827485148,2.1623911541169125,0.6742084056021125
15.6281331,-3.0130646,277.5468417,-16.7573111,111,A 44,131,13,DSS2,PN A66  44,MASH,277.54684,-16.75731,0.14428732456109875,1.6845468149763998,1.540259490415301
15.9283726,3.3579972,271.8779125,-13.4798917,112,M 1-39,80,140,HST,PN M 1-39,MASH,271.87791,-13.47989,0.2858759005053207,1.822853864294271,1.5369779637889505
16.0660072,-4.3896547,279.0348208,-16.9991722,113,M 1-54,104,167,DSS2,PN M 1-54,MASH,279.03482,-16.99917,0.8527484946066574,2.2741441003136496,1.421395605706992
16.012823,-7.6228665,282.0456833,-18.4938889,114,G016.0-07.6,135,18,MASH,PN G016.0-07.6,MASH,282.04568,-18.49389,1.1929564047833212,2.2404126434003864,1.0474562386170652
16.3193213,-2.3132354,277.2325,-15.8216667,115,G016.3-02.3,168,50,MASH,PN G016.3-02.3,MASH,277.2325,-15.82167,0.8639087331867906,2.0979072566071184,1.2339985234203277
16.4157495,-0.9299216,276.00875,-15.0925,116,G016.4-00.9,139,20,MASH,PN G016.4-00.9,MASH,276.00875,-15.0925,0.6716104472180743,2.900413589324239,2.2288031421061647
16.5958857,3.1440095,272.4008333,-12.9994444,117,G016.6+03.1,90,151,MASH,PN G016.6+03.1,MASH,272.40083,-12.99944,0.9613056373500822,1.7602217349361775,0.7989160975860953
18.0326015,-2.2146756,277.9608333,-14.2577778,118,G018.0-02.2,56,118,MASH,PN G018.0-02.2,MASH,277.96083,-14.25778,0.698347027099289,2.803151330312405,2.104804303213116
18.5607275,-1.6289774,277.6766667,-13.5191667,119,G018.5-01.6,160,42,MASH,PN G018.5-01.6,MASH,277.67667,-13.51917,1.4536997449972329,1.995039872627305,0.5413401276300722
19.4227128,-13.6247963,289.2673625,-18.0269833,120,DeHt 3,13,73,DSS2,PN DeHt 3,MASH,289.26736,-18.02698,0.10105042720341186,3.0208529785578344,2.9198025513544223
19.870657,5.6629001,271.7491083,-8.9257778,121,CTS 1,102,163,CAM98,PN CTS 1,MASH,271.74911,-8.92578,1.2500013938244527,1.5904855166262224,0.34048412280176965
20.4433246,2.2556834,275.0641667,-10.0413889,122,G020.4+02.2,115,176,MASH,PN G020.4+02.2,MASH,275.06417,-10.04139,1.4846662934595438,1.9275231127107066,0.4428568192511628
20.9990593,-1.1246447,278.3705958,-11.1240028,123,M 1-51,29,92,CAM98,PN M 1-51,MASH,278.3706,-11.124,1.239586247373789,2.227640390733242,0.9880541433594527
21.7431376,-0.6726287,278.3115542,-10.2554028,124,M 3-55,57,120,CAM98,PN M 3-55,MASH,278.31155,-10.2554,1.2618878734862853,2.706942795213447,1.4450549217271615
21.8200882,-0.4778055,278.1720333,-10.0972306,125,M 3-28,2,64,DSS2,PN M 3-28,MASH,278.17203,-10.09723,1.5676564783842795,2.772515910574205,1.2048594321899257
22.1810834,-2.4086712,280.0843667,-10.6631028,126,M 1-57,137,20,CAM98,PN M 1-57,MASH,280.08437,-10.6631,0.6098293968279416,2.1697232423077146,1.559893845479773
22.0709805,-3.1852916,280.7374125,-11.11475,127,M 1-58,78,140,HST,PN M 1-58,MASH,280.73741,-11.11475,0.030738784769689276,1.6921124958335794,1.6613737110638902
22.5698862,1.0549088,277.1468417,-8.7230056,128,MaC 1-13,26,88,DSS2,PN MaC 1-13,MASH,277.14684,-8.72301,0.8490179308985506,2.646292597603664,1.7972746667051136
23.4401642,0.7453969,277.8316667,-8.0952778,129,G023.4+00.7,145,27,MASH,PN G023.4+00.7,MASH,277.83167,-8.09528,0.3124224787107541,2.9482204947921726,2.6357980160814183
23.9281491,-2.3441308,280.834075,-9.0801778,130,M 1-59,116,179,CAM98,PN M 1-59,MASH,280.83407,-9.08018,1.2625428859154741,2.2268503433732847,0.9643074574578105
24.1226624,3.8853624,275.3493792,-6.0321639,131,M 2-40,80,142,CAM98,PN M 2-40,MASH,275.34938,-6.03216,1.3825646324357614,2.2952928437470717,0.9127282113113102
24.2186907,5.9329318,273.5765,-4.98925,132,M 4-9,167,50,DSS2,PN M 4-9,MASH,273.5765,-4.98925,0.8624405953700528,2.0739229924944866,1.211482397124434
24.3669496,-3.3611692,281.9533292,-9.151925,133,Pe 1-17,45,108,CAM98,PN Pe 1-17,MASH,281.95333,-9.15192,0.890312199693135,3.0526335685389556,2.1623213688458205
24.4054652,-3.5441882,282.13625,-9.2005556,134,G024.4-03.5,60,122,MASH,PN G024.4-03.5,MASH,282.13625,-9.20056,1.5123122654765795,2.545738551429124,1.0334262859525447
25.0262097,-11.663521,289.8242458,-12.24355,135,A 60,103,166,DSS2,PN A66  60,MASH,289.82425,-12.24355,0.5313767661843469,2.4371195081714028,1.9057427419870558
25.4181559,-4.7142341,283.655025,-8.8275222,136,IC 1295,69,132,CAM98,IC 1295,MASH,283.65502,-8.82752,0.36566112790826155,2.8252099631729206,2.459548835264659
25.8587589,-17.9117848,295.9910167,-14.1533083,137,NGC 6818,13,79,CAM98,NGC 6818,MASH,295.99102,-14.15331,1.1354701427851968,1.845717397754066,0.7102472549688692
25.9268818,-0.9845861,280.5335125,-6.6820306,138,Pe 1-14,45,108,CAM98,PN Pe 1-14,MASH,280.53351,-6.68203,0.2891643452240831,2.8389495303546077,2.5497851851305247
26.2215391,-3.4493853,282.8804167,-7.5413889,139,G026.2-03.4,7,69,MASH,PN G026.2-03.4,MASH,282.88042,-7.54139,1.351077064152393,2.348936232387387,0.9978591682349938
26.4038363,2.7819109,277.3925,-4.5272222,140,G026.4+02.7,25,87,MASH,PN G026.4+02.7,MASH,277.3925,-4.52722,0.6369714771646741,2.7351821110078496,2.0982106338431756
26.9207358,-0.7643447,280.7933333,-5.6975,141,G026.9-00.7,56,118,MASH,PN G026.9-00.7,MASH,280.79333,-5.6975,0.29665188564478534,3.1074812048630314,2.810829319218246
27.3893282,-3.3999033,283.3678833,-6.479675,142,A 49,31,94,CAM98,PN A66  49,MASH,283.36788,-6.47967,1.0170676314201879,1.6057266538524784,0.5886590224322905
27.6496403,16.9244791,265.4205417,3.1159,143,DeHt 2,44,107,DSS2,PN DeHt 2,MASH,265.42054,3.1159,0.8268013013085175,2.305609815718718,1.4788085144102006
27.6640434,-0.8271421,281.1904167,-5.065,144,G027.6-00.8,40,102,MASH,PN G027.6-00.8,MASH,281.19042,-5.065,1.089959413556375,2.5858563219128627,1.4958969083564877
27.8375756,2.6960572,278.1304167,-3.2958333,145,G027.8+02.7,50,112,MASH,PN G027.8+02.7,MASH,278.13042,-3.29583,0.6435108003527603,1.8364617671334513,1.192950966780691
28.0392451,10.2676448,271.5031917,0.3773806,146,WeSb 3,145,31,DSS2,PN WeSb 3,MASH,271.50319,0.37738,0.08697559712457296,2.766880187429984,2.679904590305411
28.2503012,-4.0278082,284.3222958,-5.9977194,147,Pe 1-20,12,75,CAM98,PN Pe 1-20,MASH,284.3223,-5.99772,0.3556711709513361,2.6009185835627533,2.245247412611417
28.7640196,-3.2192473,283.83125,-5.1744444,149,G028.7-03.2,40,102,MASH,PN G028.7-03.2,MASH,283.83125,-5.17444,0.13028530377109296,2.2810238816785677,2.150738577907475
29.0783614,0.4543006,280.69545,-3.2214722,150,A 48,37,99,DSS2,PN A66  48,MASH,280.69545,-3.22147,0.8448204249346101,2.922560802742561,2.077740377807951
29.2273955,-5.9419432,286.4815,-5.9924778,151,NGC 6751,81,144,DSS2,NGC 6751,MASH,286.4815,-5.99248,1.0248198323920723,2.6249463937769653,1.600126561384893
29.8215952,0.5086956,280.9870833,-2.5355556,152,G029.8+00.5,20,82,MASH,PN G029.8+00.5,MASH,280.98708,-2.53556,1.2696578272692491,2.0521760337987835,0.7825182065295344
60.0455676,-4.3343605,300.0441958,21.7153972,153,A 68,13,72,CAM98,PN A66  68,MASH,300.0442,21.7154,0.11992344690234691,3.0184286007353927,2.898505153833046
60.138406,-7.7324527,303.1783875,19.989625,154,NGC 6886,54,111,CAM98,NGC 6886,MASH,303.17839,19.98962,0.6386298103859395,2.615032980447455,1.9764031700615154
60.5236204,-0.3183356,296.5651125,24.1843528,155,K 3-45,18,78,CAM98,PN K 3-45,MASH,296.56511,24.18435,1.3978459258817764,2.5180485486406456,1.1202026227588693
60.8360329,-3.6962257,299.9014167,22.7211361,156,NGC 6853,129,6,DSS2,NGC 6853,MASH,299.90142,22.72114,1.0066788858421516,2.088574455664297,1.0818955698221453
61.3957133,3.6183943,293.2402375,26.8787083,157,He 2-437,77,138,DSS2,Hen 2-437,MASH,293.24024,26.87871,1.2917071201833117,2.1116599920362153,0.8199528718529037
61.3957133,3.6183943,293.2402375,26.8787083,158,M 1-91,77,138,CAM98,PN M 1-91,MASH,293.24024,26.87871,1.2917071201833117,2.1116599920362153,0.8199528718529037
61.4912981,-9.5711125,305.5955833,20.1046667,159,NGC 6905,161,36,DSS2,NGC 6905,MASH,305.59558,20.10467,0.37462716923856787,3.061488192821914,2.6868610235833463
62.4937594,-0.2699656,297.6189292,25.9083917,160,M 2-48,67,125,DSS2,PN M 2-48,MASH,297.61893,25.90839,0.11999006704573668,2.1900960067718263,2.0701059397260897
63.1700913,13.9781705,283.3961625,33.029175,161,NGC 6720,57,123,DSS2,NGC 6720,MASH,283.39616,33.02917,0.8197927991959001,2.3479689968843784,1.5281761976884782
64.0964492,4.2565956,294.0787917,29.5472222,162,M 1-92,130,11,CAM98,PN M 1-92,MASH,294.07879,29.54722,0.38889413262524625,2.892177438931967,2.5032833063067206
65.146557,-3.5393603,302.2706583,26.4483694,164,We 1-9,70,126,DSS2,PN We 1-9,MASH,302.27066,26.44837,0.7153072946798885,2.2051918221963693,1.4898845275164807
65.2580793,-5.6905925,304.3392667,25.3629944,165,He 1-6,122,177,DSS2,Hen 1-6,MASH,304.33927,25.36299,0.7867855869675427,3.0978067767643704,2.311021189796828
68.3507187,-2.7382226,303.4912417,29.5655389,166,He 2-459,57,113,HST,Hen 2-459,MASH,303.49124,29.56554,1.257094703565231,2.5987599315975545,1.3416652280323236
68.8575537,-0.0416521,301.1836917,31.4567833,167,M 1-75,152,28,DSS2,PN M 1-75,MASH,301.18369,31.45678,0.2694614752011921,1.7224132373067214,1.4529517621055292
69.2141639,3.8074832,297.5013042,33.7644,168,K 3-46,110,168,DSS2,PN K 3-46,MASH,297.5013,33.7644,1.4533036415426357,2.6627792435229294,1.2094756019802937
69.4755471,-2.6223897,304.0998542,30.5647694,169,NGC 6894,145,20,DSS2,NGC 6894,MASH,304.09985,30.56477,1.1057632666638622,2.928375160658068,1.822611893994206
69.6767467,-3.9407542,305.4930167,29.9894861,170,K 3-58,83,137,DSS2,PN K 3-58,MASH,305.49302,29.98949,0.8740013231922613,2.823294626960944,1.9492933037686826
71.6283532,-2.3617921,305.2657042,32.4899611,171,M 3-35,48,103,CAM98,PN M 3-35,MASH,305.2657,32.48996,0.11308180619666898,2.8539707602696693,2.740888954073
72.1991215,0.1043635,303.1986625,34.3423667,172,K 3-57,33,90,CAM98,PN K 3-57,MASH,303.19866,34.34237,1.5838961463368182,3.0550126054357896,1.4711164590989714
72.6626211,-17.1519214,319.2178083,24.1477194,173,A 74,52,99,DSS2,PN A66  74,MASH,319.21781,24.14772,1.1223037762038317,2.0825662729928824,0.9602624967890507
73.0058681,-2.4293236,306.2702917,33.5806389,174,K 3-76,134,9,CAM98,PN K 3-76,MASH,306.27029,33.58064,1.0617181929727975,1.7504821619521926,0.6887639689793952
73.2850708,-2.074382,306.1141667,34.0130556,175,GM 1-11,65,119,DSS2,GM 1-11,MASH,306.11417,34.01306,1.4057778161763037,1.7372553815785154,0.33147756540221174
74.5519487,2.1136584,302.7186,37.4114389,176,NGC 6881,139,16,CAM98,NGC 6881,MASH,302.7186,37.41144,0.773539455282179,2.6540919766100464,1.8805525213278673
75.696082,4.3768451,301.0670917,39.5924694,177,Anon,109,166,DSS2,PN G075.6+04.3,MASH,301.06709,39.59247,0.9117040325009634,2.509581073705262,1.5978770412042986
76.3725556,1.1718989,304.9930958,38.4006,178,A 69,54,108,DSS2,PN A66  69,MASH,304.9931,38.4006,0.9377918533080326,2.2148625674638107,1.2770707141557782
78.6153829,5.2210164,302.1795,42.5031083,179,Dd 1,81,137,DSS2,PN Dd 1,MASH,302.1795,42.50311,1.3733375609747276,2.380493449302883,1.0071558883281553
79.6850907,5.8308177,302.2580292,43.7287611,180,M 4-17,118,174,DSS2,PN M 4-17,MASH,302.25803,43.72876,0.5317739749051263,3.0148984350295036,2.4831244601243774
80.168336,-6.5026129,315.57825,36.6947778,181,CRL 2688,14,63,CAM98,CRL 2688,MASH,315.57825,36.69478,1.4168334775699714,1.915602572497806,0.4987690949278347
81.296082,-14.9127904,323.8725417,31.6959417,182,A 78,146,9,DSS2,PN A66  78,MASH,323.87254,31.69594,0.8153117495033418,3.0868563950701096,2.2715446455667676
82.1355968,7.0935651,302.5985833,46.4610556,183,NGC 6884,174,51,HST,NGC 6884,MASH,302.59858,46.46106,0.9636809619323558,1.7975615763693018,0.833880614436946
84.2003514,1.0911431,311.2917542,44.65405,184,K 4-55,85,135,DSS2,PN K 4-55,MASH,311.29175,44.65405,0.8966327184766409,2.5704517465761465,1.6738190280995056
84.9970434,4.48851,308.0967333,47.3473361,185,A 71,15,68,DSS2,PN A66  71,MASH,308.09673,47.34734,1.2778019860724312,1.889406909219787,0.6116049231473557
86.5412668,-8.8338965,323.2847875,39.6359917,186,Hu 1-2,129,172,CAM98,PN Hu 1-2,MASH,323.28479,39.63599,0.7414702818813858,2.5271991706751633,1.7857288887937774
87.4730277,-3.8917585,319.5309583,43.8127417,187,We 2-245,137,1,DSS2,PN We 2-245,MASH,319.53096,43.81274,0.8592840768770706,2.943574277831147,2.0842902009540762
88.7800288,-1.6802383,318.5634333,46.2882,188,NGC 7048,15,60,DSS2,NGC 7048,MASH,318.56343,46.2882,0.5494919590673121,2.6815956803936243,2.1321037213263123
89.0010542,0.3757364,316.5758708,47.8514861,189,NGC 7026,4,51,DSS2,NGC 7026,MASH,316.57587,47.85149,0.9382764302577302,2.0855941813005976,1.1473177510428674
89.8387564,-0.639007,318.5317833,47.772825,190,Sh 1-89,50,95,DSS2,Sh 1-89,MASH,318.53178,47.77282,1.0505617969615817,2.3487623401195283,1.2982005431579466
91.6488222,-4.83735,324.7041917,46.007725,191,K 3-84,3,45,CAM98,PN K 3-84,MASH,324.70419,46.00772,1.567950963549626,2.0220174435289513,0.45406647997932525
91.665352,1.8171941,317.7184375,50.7873417,192,We 1-11,49,95,DSS2,PN We 1-11,MASH,317.71844,50.78734,1.311768110038553,1.8686145818210782,0.5568464717825252
92.1177392,5.8069933,313.3063958,53.7616,193,K 3-79,132,1,DSS2,PN K 3-79,MASH,313.3064,53.7616,0.6705505607651873,2.9328284850756625,2.2622779243104754
93.3778056,-2.4544578,324.25625,48.9340611,194,M 1-79,88,129,DSS2,PN M 1-79,MASH,324.25625,48.93406,1.3416823175102,2.4024778774250652,1.0607955599148653
93.412523,5.4937418,315.1354292,54.5433833,195,NGC 7008,38,86,DSS2,NGC 7008,MASH,315.13543,54.54338,0.8705215487019151,2.1700975354681926,1.2995759867662775
94.543167,-0.8513563,323.9328208,50.9047056,196,K 3-83,100,142,CAM98,PN K 3-83,MASH,323.93282,50.90471,0.2037892203884666,2.729253884676534,2.5254646642880676
95.2569108,7.8019405,314.1126333,57.4341806,197,A 73,38,87,DSS2,PN A66  73,MASH,314.11263,57.43418,0.12303918047611315,3.0989473895223076,2.9759082090461946
96.3166321,2.3469773,322.5029583,54.457625,198,K 3-61,164,27,CAM98,PN K 3-61,MASH,322.50296,54.45762,0.6479706445931297,2.475696618908121,1.8277259743149912
97.6821667,-2.4517139,329.424225,51.6941694,199,M 2-50,52,90,CAM98,PN M 2-50,MASH,329.42422,51.69417,0.832274680038294,1.582098842295267,0.7498241622569731
100.6221641,-5.402274,335.9821875,50.9667861,201,IC 5217,90,122,CAM98,IC 5217,MASH,335.98219,50.96679,0.3347059415765204,2.6184917661256577,2.2837858245491374
101.8557233,8.7498949,321.5980833,62.892175,202,A 75,94,137,DSS2,PN A66  75,MASH,321.59808,62.89217,0.3752912133965943,2.981419510727283,2.6061282973306885
102.8276664,-5.0190432,338.6899833,52.4350583,203,A 80,19,48,DSS2,PN A66  80,MASH,338.68998,52.43506,0.3381953017897303,3.1350593711228667,2.7968640693331364
102.9816198,-2.3218588,336.5719125,54.8272417,204,A 79,20,51,DSS2,PN A66  79,MASH,336.57191,54.82724,1.1302116840973333,1.5782139849809225,0.44800230088358917
103.2234318,0.6749895,334.0162083,57.4760417,205,M 2-51,151,4,DSS2,PN M 2-51,MASH,334.01621,57.47604,0.8959421558981258,3.0312534157981874,2.1353112599000617
103.7929294,0.4543181,335.1281042,57.6060056,206,M 2-52,116,148,DSS2,PN M 2-52,MASH,335.1281,57.60601,1.2494209541625851,2.946789296285289,1.697368342122704
104.1588274,-1.4337935,337.5284,56.1982833,207,KLW 8,40,70,DSS2,KLW 8,MASH,337.5284,56.19828,0.46971169228799736,2.7903189287885235,2.320607236500526
104.1185131,7.9130125,326.535775,63.7915139,208,NGC 7139,47,86,DSS2,NGC 7139,MASH,326.53577,63.79151,1.5193569795156967,1.8868230178667926,0.3674660383510959
104.4072947,-1.6099533,338.0738333,56.1739222,209,M 2-53,95,124,DSS2,PN M 2-53,MASH,338.07383,56.17392,0.7503510299699533,2.4482226009816266,1.6978715710116732
107.8436591,2.3151734,340.0830833,61.2855833,210,NGC 7354,17,45,DSS2,NGC 7354,MASH,340.08308,61.28558,1.0507820711703608,2.4307505218945034,1.3799684507241425
110.1217264,1.9257668,344.7285708,61.9660472,211,IRAS 22568+6141,121,146,CAM98,IRAS 22568+6141,MASH,344.72857,61.96605,1.3251391567445405,1.6696509635382575,0.34451180679371696
110.6904511,-12.938766,354.795175,48.208075,212,K 1-20,154,169,DSS2,PN K 1-20,MASH,354.79517,48.20807,1.4107696459161296,2.5690441668258486,1.158274520909719
111.3866105,6.9406087,342.2590625,67.0274694,213,KjPn 6,4,32,CAM98,PN KjPn 6,MASH,342.25906,67.02747,1.0917866382986892,2.2318756386964314,1.1400890003977422
112.538691,-0.14005,351.0436333,60.9585417,214,KjPn 8,72,91,CAM98,PN KjPn 8,MASH,351.04363,60.95854,0.6103987885802865,1.8048186626531222,1.1944198740728358
112.5671032,3.7979217,348.0645583,64.654925,215,k 3-88,45,66,DSS2,PN k 3-88,MASH,348.06456,64.65492,1.0953189383075197,2.7256394977849823,1.6303205594774626
112.9138473,-10.2292317,356.9334167,51.3991389,216,A 84,172,6,DSS2,PN A66  84,MASH,356.93342,51.39914,0.9707465912382179,2.8470575280130546,1.8763109367748365
113.6150709,-6.954064,356.6946208,54.7438028,217,A 83,34,47,DSS2,PN A66  83,MASH,356.69462,54.7438,0.6519262615078687,2.2036311793609875,1.5517049178531188
114.0670441,-4.6712069,356.449225,57.06645,218,A 82,46,59,DSS2,PN A66  82,MASH,356.44922,57.06645,0.3239280108025517,2.882097760951567,2.5581697501490153
116.1730823,0.443235,358.075,62.5363889,219,We 2-262,172,4,DSS2,PN We 2-262,MASH,358.075,62.53639,1.2873464200351177,2.931682171509611,1.6443357514744932
116.2951761,8.5297181,352.9696167,70.369475,220,M 2-55,38,55,DSS2,PN M 2-55,MASH,352.96962,70.36947,0.9949387234785158,1.655144240441397,0.6602055169628812
118.4146199,8.415745,359.1516667,70.8050556,221,M 2-56,87,100,CAM98,PN M 2-56,MASH,359.15167,70.80506,1.5765097086631428,2.189097124999427,0.6125874163362843
118.7949466,8.2386067,0.3790583,70.7083139,222,A 86,115,125,DSS2,PN A66  86,MASH,0.37906,70.70831,1.3192017233952802,2.251591677282052,0.9323899538867719
119.3715382,0.3299409,5.001875,62.9842111,223,BV 5-1,53,59,DSS2,PN BV 1,MASH,5.00187,62.98421,0.24396532334340534,1.9353382482639034,1.691372924920498
119.6699008,-6.7596825,7.0650583,55.9651972,224,Hu 1-1,9,14,CAM98,PN Hu 1-1,MASH,7.06506,55.9652,0.45838013965672264,2.062410025188607,1.6040298855318844
120.0161915,9.8680785,3.2542289,72.5219681,225,NGC 40,15,24,CAM98,NGC 40,MASH,3.25423,72.52197,1.2197091598743413,2.6918960408983774,1.4721868810240362
151.4016236,0.511287,63.3635625,51.8502556,226,K3-64,120,77,CAM98,PN K3-64,MASH,63.36356,51.85026,0.4340413277950692,2.4049129139227334,1.9708715861276642
159.0604819,-15.1902341,56.8880958,35.0468056,227,IC 351,3,143,CAM98,IC 351,MASH,56.8881,35.04681,0.15020974827660763,2.987295207889908,2.8370854596133004
166.1563537,10.4755093,89.0996167,46.1048111,228,IC 2149,73,11,DSS2,IC 2149,MASH,89.09962,46.10481,1.0329852410695262,1.9669357119223223,0.9339504708527961
166.4458128,-6.5275141,70.7235,36.1148333,229,CRL 618,99,49,DSS2,CRL 618,MASH,70.7235,36.11483,1.4731477821901595,2.9852816328293494,1.51213385063919
173.5109842,3.2277856,85.6435542,36.1521639,230,Pu 2,47,169,DSS2,PN Pu 2,MASH,85.64355,36.15216,0.6728234671971316,2.0339585365364115,1.3611350693392799
174.247544,-14.6041229,69.34785,25.0447056,231,H 3-29,158,107,DSS2,PN H 3-29,MASH,69.34785,25.04471,1.2881191794363056,1.9921610273722192,0.7040418479359136
181.5297827,0.9231096,88.2017833,28.0996611,232,Pu 1,50,170,DSS2,PN Pu 1,MASH,88.20178,28.09966,0.40922903448361275,2.6845697473530006,2.275340712869388
183.812477,5.5489895,94.0472792,28.3697139,233,WeSb 2,33,152,DSS2,PN WeSb 2,MASH,94.04728,28.36971,0.4187521472751551,2.783277626227446,2.3645254789522907
189.1565721,19.8431491,111.3946667,29.4904528,234,NGC 2371,129,61,DSS2,NGC 2371,MASH,111.39467,29.49045,0.9917479522404928,2.055552986424509,1.063805034184016
189.8944091,7.7928198,99.3373125,24.0098278,235,M 1-7,153,90,DSS2,PN M 1-7,MASH,99.33731,24.00983,0.32062989677006803,2.8668117345198896,2.5461818377498213
190.3945025,-17.7599752,76.3929708,10.7063139,236,J 320,174,117,DSS2,Jonckheere 320,MASH,76.39297,10.70631,0.5861298344719965,2.689976064674872,2.1038462302028753
192.5309868,7.2213327,100.0386625,21.4134944,237,HaWe 8,134,71,DSS2,PN HaWe 8,MASH,100.03866,21.41349,0.5658089626814193,2.939041340653409,2.3732323779719895
194.2425705,2.5958101,96.4886458,17.7908861,238,J 900,83,21,DSS2,Jonckheere 900,MASH,96.48865,17.79089,1.4168262546758073,2.6154783678937035,1.1986521132178962
196.684614,-10.9422765,85.5259542,9.0863194,239,NGC 2022,32,152,DSS2,NGC 2022,MASH,85.52595,9.08632,0.12872582061599086,3.1108853987789264,2.9821595781629355
197.8494257,-3.4000719,92.7861458,11.7787139,240,A 14,175,114,DSS2,PN A66  14,MASH,92.78615,11.77871,0.17848810752031188,1.8908552731581778,1.7123671656378658
198.6718608,-6.3201017,90.5835208,9.6539139,241,A 12,15,134,DSS2,PN A66  12,MASH,90.58352,9.65391,1.0152055205959123,2.876380167718925,1.8611746471230128
200.7861915,8.4505231,104.9851167,14.6094361,242,A 19,65,2,DSS2,PN A66  19,MASH,104.98512,14.60944,1.503557801517299,2.4029871621251804,0.8994293606078814
201.9578222,-4.6592743,93.6404833,7.5749639,243,We 1-4,104,42,DSS2,PN We 1-4,MASH,93.64048,7.57496,1.0953344602802373,2.1819738073914206,1.0866393471111833
204.0239549,-8.5159829,91.1995667,3.9432667,244,A 13,47,165,DSS2,PN A66  13,MASH,91.19957,3.94327,0.9616637051228426,1.8465138675201622,0.8848501623973196
204.8836795,-3.5776109,95.9786667,5.5035778,245,K 3-72,139,77,DSS2,PN K 3-72,MASH,95.97867,5.50358,0.3436733299563954,2.5132656724744677,2.1695923425180723
205.1386308,14.2412193,112.2612792,13.2468806,246,A 21,136,72,DSS2,PN A66  21,MASH,112.26128,13.24688,0.6854736578796089,2.4971959057728075,1.8117222478931985
240.3698042,-7.6291662,108.7074208,-27.8398278,247,M 3-2,42,160,DSS2,PN M 3-2,MASH,108.70742,-27.83983,1.317305838762986,2.0154915203199395,0.6981856815569536
241.0918852,2.3534794,118.7974917,-23.6367944,248,M 3-4,141,83,DSS2,PN M 3-4,MASH,118.79749,-23.63679,0.3141122133256008,2.772492553563832,2.458380340238231
242.6462924,-11.6070438,105.70825,-31.5920833,249,M 3-1,143,78,DSS2,PN M 3-1,MASH,105.70825,-31.59208,0.6306425656724712,2.915210792052482,2.284568226380011
242.6822874,-4.4877753,113.0725,-28.4216667,250,G242.6-04.4,98,37,MASH,PN G242.6-04.4,MASH,113.0725,-28.42167,0.093207754688261,3.0505037336140153,2.9572959789257545
243.3799672,-1.0384238,116.8593667,-27.3353222,251,NGC 2452,116,57,DSS2,NGC 2452,MASH,116.85937,-27.33532,1.0509359094949753,2.224582197414685,1.1736462879197096
244.6029752,12.5638776,130.0788375,-20.910075,252,A 29,133,80,DSS2,PN A66  29,MASH,130.07884,-20.91007,0.05560475265602252,2.227012012045484,2.1714072593894613
244.6410763,-0.3123392,118.29,-28.0513889,253,G244.6-00.3,0,121,MASH,PN G244.6-00.3,MASH,118.29,-28.05139,0.29933480572458143,2.177672219075654,1.8783374133510724
249.8708793,7.1035386,128.5754167,-28.3175,254,G249.8+07.1,55,2,MASH,PN G249.8+07.1,MASH,128.57542,-28.3175,0.5168738382946486,2.6519770817963426,2.135103243501694
250.3726643,0.1515013,122.25685,-32.6735861,255,A 26,141,85,DSS2,PN A66  26,MASH,122.25685,-32.67359,1.003808151202721,1.8420096441900653,0.8382014929873443
250.3500889,-5.4866469,116.42125,-35.5844444,256,G250.3-05.4,148,88,MASH,PN G250.3-05.4,MASH,116.42125,-35.58444,1.0159519956063054,2.055083857192919,1.0391318615866136
250.4288392,-1.3296573,120.8020833,-33.5172222,257,G250.4-01.3,105,48,MASH,PN G250.4-01.3,MASH,120.80208,-33.51722,1.3513600149583722,1.8828620679026022,0.53150205294423
251.1787395,-1.5493199,121.0591375,-34.2687,258,K 1-21,160,103,DSS2,PN K 1-21,MASH,121.05914,-34.2687,0.5368180099688492,2.650524981390899,2.11370697142205
252.6349994,4.4505794,127.9693042,-32.1024139,259,K 1-1,36,163,DSS2,PN K 1-1,MASH,127.9693,-32.10241,1.4679086990474248,2.0011027848443423,0.5331940857969175
253.5770109,10.7797338,134.441475,-28.9599806,260,K 1-2,101,52,DSS2,PN K 1-2,MASH,134.44147,-28.95998,0.5036516258142125,2.6534391929364576,2.149787567122245
257.5303484,0.6341368,127.7258208,-38.3019389,261,VBRC 1,118,65,DSS2,PN VBRC 1,MASH,127.72582,-38.30194,0.632152264649914,1.930652061425426,1.2984997967755119
258.1361819,-0.391434,127.1166167,-39.3945194,262,He 2-9,31,157,HST,Hen 2-9,MASH,127.11662,-39.39452,0.6221853313100494,1.9637257752738178,1.3415404439637684
259.1498688,0.9410339,129.28325,-39.4181667,263,He 2-11,137,86,DSS2,Hen 2-11,MASH,129.28325,-39.41817,0.4364330427623289,2.7480497633078103,2.3116167205454814
261.6143215,3.0050543,133.3779208,-40.0616889,264,He 2-15,33,164,DSS2,Hen 2-15,MASH,133.37792,-40.06169,0.7997855954570058,2.0527581431605086,1.2529725477035027
261.9828346,8.5842311,139.0069,-36.6274333,265,NGC 2818,90,45,DSS2,NGC 2818,MASH,139.0069,-36.62743,0.8056762675038488,2.343254027887351,1.5375777603835021
264.1648118,-8.142498,122.882875,-48.7213083,266,He 2-7,161,105,DSS2,Hen 2-7,MASH,122.88287,-48.72131,1.0966952955328069,2.3420661552600435,1.2453708597272366
264.4634998,-3.6573799,128.6145292,-46.4260417,267,Wray 17-20,22,150,DSS2,Wray 17-20,MASH,128.61453,-46.42604,0.9227007112916829,3.0798067366818818,2.157106025390199
265.7516915,4.1012964,138.1108167,-42.42775,268,NGC 2792,146,100,DSS2,NGC 2792,MASH,138.11082,-42.42775,0.8018084471585136,2.3619689452628903,1.5601604981043766
266.8929384,-4.235295,130.09375,-48.7091667,269,G266.8-04.2,125,73,MASH,PN G266.8-04.2,MASH,130.09375,-48.70917,0.5428419567965815,2.549283447719334,2.0064414909227524
267.5901832,4.6429119,140.3825,-43.3683333,270,G267.5+04.6,142,97,MASH,PN G267.5+04.6,MASH,140.3825,-43.36833,0.9483615831275134,2.258265258078496,1.3099036749509827
268.6620035,5.0907491,141.8670833,-43.7980556,271,G268.6+05.0,50,6,MASH,PN G268.6+05.0,MASH,141.86708,-43.79806,1.239572715268047,2.0439826027408703,0.8044098874728234
269.3014605,-0.8346963,136.3683333,-48.3822222,272,G269.3-00.8,80,32,MASH,PN G269.3-00.8,MASH,136.36833,-48.38222,1.2435272135179964,1.6000009253031882,0.3564737117851917
272.1139054,12.3973133,151.75735,-40.4364056,273,NGC 3132,167,131,DSS2,NGC 3132,MASH,151.75735,-40.43641,0.7276796688687971,2.709351173970697,1.9816715051018998
273.2953797,-3.7873697,137.166875,-53.3205306,274,He 2-18,75,29,DSS2,Hen 2-18,MASH,137.16687,-53.32053,0.4365444206700143,2.242360380737613,1.8058159600675987
273.1994404,-0.3940564,141.0279167,-50.8902778,275,G273.2-00.3,123,79,MASH,PN G273.2-00.3,MASH,141.02792,-50.89028,1.3258610147373897,2.936191234484448,1.6103302197470581
274.3092704,9.1120638,151.4407458,-44.3592417,276,Lo 4,46,11,DSS2,PN Lo 4,MASH,151.44075,-44.35924,0.17618766788897103,2.872039251268133,2.695851583379162
274.6921987,3.5446735,146.8541125,-48.9699889,277,He 2-37,119,80,DSS2,Hen 2-37,MASH,146.85411,-48.96999,0.03236738927702693,3.109792270500348,3.077424881223321
274.8593957,-5.7806467,136.4241667,-55.8138889,278,G274.8-05.7,57,9,MASH,PN G274.8-05.7,MASH,136.42417,-55.81389,1.1398109508582501,2.144404446681431,1.004593495823181
275.0843813,-4.1615305,138.7822792,-54.8788278,279,PB 4,35,170,DSS2,PN PB 4,MASH,138.78228,-54.87883,1.068801657280733,2.243149973317785,1.1743483160370518
274.9957422,1.5193864,145.1704167,-50.7063889,280,G275.0+01.5,13,152,MASH,PN G275.0+01.5,MASH,145.17042,-50.70639,0.29402636706508484,2.897118520977846,2.6030921539127614
275.1644998,-3.5729749,139.6104167,-54.5269444,281,G275.1-03.5,137,92,MASH,PN G275.1-03.5,MASH,139.61042,-54.52694,0.6682364381984033,2.6785140299270127,2.0102775917286095
275.2158371,-3.7081214,139.50545,-54.6580583,282,He 2-25,14,148,CAM98,Hen 2-25,MASH,139.50545,-54.65806,1.0963796437923974,2.339641591138432,1.2432619473460345
275.6378539,-0.5187896,143.7554167,-52.655,283,G275.6-00.5,128,86,MASH,PN G275.6-00.5,MASH,143.75542,-52.655,0.6896473416653018,2.279160573664951,1.5895132319996494
275.8685216,-2.9799824,141.190975,-54.6042917,284,He 2-29,55,12,DSS2,Hen 2-29,MASH,141.19097,-54.60429,1.2047446771978378,2.8356860560766286,1.6309413788787908
276.1681054,-3.3906167,141.0629167,-55.1069444,285,G276.1-03.3,130,86,MASH,PN G276.1-03.3,MASH,141.06292,-55.10694,1.2633722217350203,3.062199750865162,1.7988275291301419
277.1501205,-3.8307758,141.7630125,-56.1058944,286,NGC 2899,117,73,CAM98,NGC 2899,MASH,141.76301,-56.10589,1.5178342957049855,2.4530099241007366,0.9351756283957511
277.4062134,-0.7165213,145.7533333,-53.9747222,287,G277.4-00.7,138,98,MASH,PN G277.4-00.7,MASH,145.75333,-53.97472,0.4858147454855651,2.616175765928724,2.130361020443159
277.7135155,-3.556479,142.8353542,-56.294275,288,Wray 17-31,90,48,DSS2,Wray 17-31,MASH,142.83535,-56.29427,0.9073628403755375,2.4911692506822853,1.5838064103067477
278.3319615,-4.3189892,142.7041667,-57.2725,289,G278.3-04.3,30,167,MASH,PN G278.3-04.3,MASH,142.70417,-57.2725,0.7964598195784297,2.378676060870669,1.5822162412922394
278.5767278,-4.5590577,142.7287375,-57.6145667,290,He 2-32,159,117,DSS2,Hen 2-32,MASH,142.72874,-57.61457,0.276437521448881,2.8837985973865434,2.6073610759376624
279.13899,-3.1751401,145.21875,-56.9666667,291,VBRC 3,56,16,DSS2,PN VBRC 3,MASH,145.21875,-56.96667,0.49003980337481023,1.7886858532354397,1.2986460498606296
279.13899,-3.1751401,145.21875,-56.9666667,292,G279.1-03.1,57,16,MASH,PN G279.1-03.1,MASH,145.21875,-56.96667,0.49003980337481023,1.7886858532354397,1.2986460498606296
279.6080149,-3.1864751,145.8567439,-57.2821117,293,He 2-36,144,105,DSS2,Hen 2-36,MASH,145.85674,-57.28211,0.05150558797554899,1.5609441901311334,1.5094386021555843
279.674692,2.2112579,151.8008333,-53.0791667,294,G279.6+02.2,141,105,MASH,PN G279.6+02.2,MASH,151.80083,-53.07917,1.020890330760301,1.7130572917893339,0.6921669610290329
281.3476803,-7.1020157,143.2633333,-61.355,295,G281.3-07.1,143,100,MASH,PN G281.3-07.1,MASH,143.26333,-61.355,0.9115733327568601,2.270112821896735,1.3585394891398748
282.5668082,-2.1097153,151.4570833,-58.2747222,296,G282.5-02.1,147,111,MASH,PN G282.5-02.1,MASH,151.45708,-58.27472,1.3233408559182223,2.4151948192526946,1.0918539633344724
282.9785965,3.8044405,157.8833208,-53.5585556,297,He 2-48,129,99,DSS2,Hen 2-48,MASH,157.88332,-53.55856,1.393775250977825,2.6595327043243255,1.2657574533465006
283.9422242,-1.8515847,153.89875,-58.8533333,298,Hf 4,13,160,DSS2,PN Hf 4,MASH,153.89875,-58.85333,1.440777356606412,2.036107987233013,0.5953306306266011
283.9033402,9.725809,163.6690458,-48.7841222,299,ESO 215-04,143,118,DSS2,ESO 215-04,MASH,163.66905,-48.78412,0.6017332998738303,2.8966383055154563,2.294905005641626
284.531399,3.8368336,160.195,-54.2997222,300,G284.5+03.8,127,98,MASH,PN G284.5+03.8,MASH,160.195,-54.29972,1.098985223574096,2.0822288335497205,0.9832436099756245
284.6137964,-4.4967796,151.96375,-61.4066667,301,G284.6-04.5,10,154,MASH,PN G284.6-04.5,MASH,151.96375,-61.40667,1.217635374296092,2.0332802780470294,0.8156449037509375
285.4623842,-5.3755361,152.3369,-62.6134444,302,IC 2553,7,151,CAM98,IC 2553,MASH,152.3369,-62.61344,0.7662101525713346,2.9350159204301254,2.1688057678587906
285.4500763,1.5038756,159.6150292,-56.7851111,303,He 2-52,105,76,CAM98,Hen 2-52,MASH,159.61503,-56.78511,0.2604425258291569,2.9895059445143652,2.7290634186852083
285.5292106,-3.3581813,154.865,-60.9861111,304,G285.5-03.3,83,50,MASH,PN G285.5-03.3,MASH,154.865,-60.98611,0.4538965798914482,1.71010594160964,1.2562093617181918
285.7989399,-14.951744,136.7760875,-69.9418722,305,IC 2448,137,88,DSS2,IC 2448,MASH,136.77609,-69.94187,0.12074688377435194,2.630521032492102,2.50977414871775
286.2782898,-6.9487644,151.7482125,-64.3638889,307,Wray 17-40,102,67,DSS2,Wray 17-40,MASH,151.74821,-64.36389,0.9813382614698025,2.916718799565685,1.9353805380958826
286.3180336,-3.1750544,156.4429167,-61.2563889,308,G286.3-03.1,145,113,MASH,PN G286.3-03.1,MASH,156.44292,-61.25639,0.48586754338730337,1.661884348593859,1.1760168052065556
286.34934,-0.7106,159.0383333,-59.1555556,309,G286.3-00.7,130,100,MASH,PN G286.3-00.7,MASH,159.03833,-59.15556,1.3276793316435356,2.5820990048774983,1.2544196732339628
288.4440182,0.381456,163.6470833,-59.1633333,310,Hf 38,94,69,DSS2,PN Hf 38,MASH,163.64708,-59.16333,0.6973229022613953,1.8955914877464377,1.1982685854850423
288.4751498,-1.8313513,161.7129167,-61.1563889,311,G288.4-01.8,107,80,MASH,PN G288.4-01.8,MASH,161.71292,-61.15639,1.1488486771870892,2.268001330556382,1.119152653369293
288.9349407,-0.8055238,163.498275,-60.4456417,312,Hf 39,43,18,DSS2,PN Hf 39,MASH,163.49827,-60.44564,0.5487163760188275,2.3194059793125867,1.7706896032937594
289.6030933,-1.6196331,164.0125,-61.4687222,313,He 2-57,119,95,DSS2,Hen 2-57,MASH,164.0125,-61.46872,0.2520719087940656,2.9800572225481554,2.7279853137540897
290.1102107,-0.4338889,165.9832458,-60.6012694,314,Hf 48,136,113,DSS2,PN Hf 48,MASH,165.98325,-60.60127,1.229450815459519,1.6913990149310987,0.4619481994715797
291.3772719,3.7291353,171.2145833,-57.1875,315,G291.3+03.7,55,36,MASH,PN G291.3+03.7,MASH,171.21458,-57.1875,0.5377899316864714,2.4618289124638304,1.924038980777359
291.3177328,8.4055292,173.6608333,-52.7258333,316,G291.3+08.4,175,158,MASH,PN G291.3+08.4,MASH,173.66083,-52.72583,0.008220141695287625,3.133152352667134,3.1249322109718465
291.7402073,3.7346904,171.8510792,-57.2997194,317,He 2-64,81,62,CAM98,Hen 2-64,MASH,171.85108,-57.29972,0.106220022768004,2.582024800290549,2.475804777522545
291.9229989,-4.0147871,166.4854167,-64.6075,318,G291.9-04.0,44,21,MASH,PN G291.9-04.0,MASH,166.48542,-64.6075,0.9512912577567222,1.8168131707528352,0.865521912996113
292.4804058,0.8786683,171.425,-60.2416667,319,G292.4+00.8,153,134,MASH,PN G292.4+00.8,MASH,171.425,-60.24167,0.9830221913600501,2.7290215014672516,1.7459993101072016
292.7878098,1.9897718,172.7014125,-59.2846194,320,Wray 16-93,134,117,DSS2,Wray 16-93,MASH,172.70141,-59.28462,1.31106323287684,1.7245914608466777,0.4135282279698378
292.8024451,1.1258884,172.1973708,-60.1103556,321,He 2-67,120,102,CAM98,Hen 2-67,MASH,172.19737,-60.11036,1.0663915353315843,2.4180649049295226,1.3516733695979384
292.8274347,0.6600049,171.9479167,-60.5602778,322,G292.8+00.6,168,150,MASH,PN G292.8+00.6,MASH,171.94792,-60.56028,0.7877848630638383,3.076976686919466,2.2891918238556275
293.6122335,1.2014055,173.7960167,-60.2832583,323,He 2-70,137,121,DSS2,Hen 2-70,MASH,173.79602,-60.28326,0.19904217979748853,3.077515349429054,2.8784731696315657
294.1331359,14.4501155,180.1811542,-47.5533722,324,Lo 6,150,140,DSS2,PN Lo 6,MASH,180.18115,-47.55337,0.6261570217440923,2.6320147599544477,2.0058577382103553
294.689461,4.7075596,177.573875,-57.1824722,325,NGC 3918,138,126,DSS2,NGC 3918,MASH,177.57387,-57.18247,0.9651489772962221,2.271820537169385,1.3066715598731629
294.9657088,-0.6947696,175.4058167,-62.4817861,326,He 2-72,101,87,DSS2,Hen 2-72,MASH,175.40582,-62.48179,0.3382070117439759,2.4887083850755207,2.150501373331545
296.6234673,-20.0421193,152.337125,-80.8585361,328,NGC 3195,13,155,CAM98,NGC 3195,MASH,152.33712,-80.85854,0.2735908803419706,2.882708340962534,2.6091174606205634
297.6870013,-1.6818946,180.8016667,-64.0613889,329,G297.6-01.6,90,79,MASH,PN G297.6-01.6,MASH,180.80167,-64.06139,1.2288265432101455,2.0149610452861255,0.78613450207598
298.2722865,-1.7206843,182.1059708,-64.2025889,330,He 2-76,83,75,DSS2,Hen 2-76,MASH,182.10597,-64.20259,0.21716770997225046,2.930009384735276,2.7128416747630255
298.3920415,-4.8550283,181.0617292,-67.3098806,331,NGC 4071,43,34,DSS2,NGC 4071,MASH,181.06173,-67.30988,0.6719421175530607,2.6027370253683846,1.930794907815324
298.6942712,-1.5690895,183.1166667,-64.1197222,332,G298.6-01.5,50,41,MASH,PN G298.6-01.5,MASH,183.11667,-64.11972,0.1659622857376109,3.0633004217684605,2.8973381360308497
298.7783693,-7.5362782,180.73125,-70.0158333,333,G298.7-07.5,158,147,MASH,PN G298.7-07.5,MASH,180.73125,-70.01583,1.0598742135410795,2.383301795875413,1.3234275823343336
299.0508473,18.4789813,187.7187417,-44.2377556,334,K 1-23,3,179,DSS2,PN K 1-23,MASH,187.71874,-44.23776,1.3481593889279786,2.679768473565547,1.3316090846375683
299.0296807,3.5151921,185.2529167,-59.1258333,335,G299.0+03.5,140,133,MASH,PN G299.0+03.5,MASH,185.25292,-59.12583,0.005484354287678455,2.5505275877284648,2.5450432334407864
299.493255,-4.1239685,184.1380667,-66.7625194,336,HaTr 1,131,124,DSS2,PN HaTr 1,MASH,184.13807,-66.76252,0.5376203474257953,2.5991731060785632,2.061552758652768
299.5147596,2.4684182,185.9731542,-60.2204444,337,He 2-82,162,157,DSS2,Hen 2-82,MASH,185.97315,-60.22044,1.0820535496029777,1.9838709065734768,0.901817356970499
299.8440574,3.736284,186.8702469,-58.9917564,338,Bl Cru,31,25,CAM98,Bl Cru,MASH,186.87025,-58.99176,1.5317854574382554,1.7998682154553263,0.2680827580170708
330.2550535,5.9260234,235.5555833,-47.6795361,339,Lo 9,82,120,DSS2,PN Lo 9,MASH,235.55558,-47.67954,1.137921010151397,3.0518170160429543,1.9138960058915573
330.6500637,-2.1253067,244.3101042,-53.5356639,340,He 2-153,41,86,DSS2,Hen 2-153,MASH,244.3101,-53.53566,0.3023252944501832,2.8279045912489384,2.5255792967987554
330.6386324,-3.6166441,246.0892375,-54.6007833,341,He 2-159,173,39,DSS2,Hen 2-159,MASH,246.08924,-54.60078,0.5733297725996236,2.363637087347241,1.7903073147476176
330.7007999,-2.0010229,244.2259167,-53.4111389,342,G330.7-02.0,95,139,MASH,PN G330.7-02.0,MASH,244.22592,-53.41114,0.10948293381651353,3.031216115702871,2.9217331818863572
330.985763,4.3906353,237.8325792,-48.4352583,343,Wray 16-189,72,112,DSS2,Wray 16-189,MASH,237.83258,-48.43526,0.9052416957704796,2.2704291699595296,1.36518747418905
331.3522952,1.6599525,240.97375,-50.2811111,345,G331.3+01.6,145,6,MASH,PN G331.3+01.6,MASH,240.97375,-50.28111,1.2070885603185062,2.074877618104171,0.8677890577856646
331.4483363,0.561974,242.245425,-51.0327056,346,He 2-145,113,156,DSS2,Hen 2-145,MASH,242.24542,-51.03271,0.5132629218164576,2.6777142278320087,2.1644513060155512
331.529391,-3.9021431,247.5002375,-54.1577778,347,He 2-165,36,83,DSS2,Hen 2-165,MASH,247.50024,-54.15778,0.27945344554009155,2.9687791258521754,2.6893256803120837
331.5429386,-2.7883138,246.1574417,-53.37615,348,He 2-161,48,94,DSS2,Hen 2-161,MASH,246.15744,-53.37615,1.2976912571055244,2.0927267022346623,0.7950354451291379
331.7274857,-1.0113399,244.3058,-51.9861972,349,Mz 3,10,55,DSS2,PN Mz 3,MASH,244.3058,-51.9862,0.22504447925523133,2.922101753404945,2.6970572741497136
332.0790363,-3.36126,247.4718958,-53.3876028,350,He 2-164,82,129,DSS2,Hen 2-164,MASH,247.4719,-53.3876,1.3170934589097651,2.490766863911416,1.1736734050016508
332.0172936,-4.318117,248.5854167,-54.0844444,351,G332.0-04.3,35,82,MASH,PN G332.0-04.3,MASH,248.58542,-54.08444,0.7780857299537105,2.548952402924807,1.7708666729710967
332.513969,-2.2172434,246.6008333,-52.2827778,352,G332.5-02.2,117,163,MASH,PN G332.5-02.2,MASH,246.60083,-52.28278,0.7083764381042544,2.983978484516061,2.2756020464118065
332.7952329,-16.4656352,267.9701458,-60.389425,353,HaTr 6,55,119,DSS2,PN HaTr 6,MASH,267.97015,-60.38942,1.0639800387600862,2.7893547678484505,1.7253747290883643
333.4290367,1.1871253,243.8334625,-49.2224333,354,He 2-152,150,14,DSS2,Hen 2-152,MASH,243.83346,-49.22243,1.1874368082186164,1.8845957582798096,0.6971589500611932
333.4870094,-4.0569616,249.9066042,-52.8203472,355,HaTr 3,157,26,DSS2,PN HaTr 3,MASH,249.9066,-52.82035,1.4841931943676765,2.406045429226059,0.9218522348583824
334.3524364,-1.4791878,247.777725,-50.4439111,356,MeWe 1-6,125,172,DSS2,PN MeWe 1-6,MASH,247.77772,-50.44391,1.0150878123971991,2.217789146963945,1.2027013345667457
334.3909949,-9.3453724,257.9376042,-55.4004083,357,IC 4642,143,18,DSS2,IC 4642,MASH,257.9376,-55.40041,0.7943144393289275,2.519202055022083,1.7248876156931554
334.37334,-13.4141902,264.1383333,-57.6058333,358,G334.3-13.4,43,102,MASH,PN G334.3-13.4,MASH,264.13833,-57.60583,0.05430435216444259,3.0892255021611366,3.034921149996694
335.2519479,-3.6202635,251.2506458,-51.2055083,359,HaTr 4,94,144,DSS2,PN HaTr 4,MASH,251.25065,-51.20551,1.0716447683104282,1.7253129136912748,0.6536681453808466
335.4920846,-1.1030553,248.5555333,-49.3536667,360,He 2-169,3,51,DSS2,Hen 2-169,MASH,248.55553,-49.35367,1.4702239077933046,2.2446531054753494,0.7744291976820448
335.4707731,9.2671599,238.3021375,-41.8405972,361,ESO 330-02,4,45,DSS2,ESO 330-02,MASH,238.30214,-41.8406,0.2520063638652496,2.478206893013529,2.2262005291482794
335.5839487,12.4477243,235.7710083,-39.3040444,362,DS 2,115,154,DSS2,PN DS 2,MASH,235.77101,-39.30404,1.5259296776943805,2.722031925202423,1.1961022475080425
336.2881746,-6.9915552,256.5615292,-52.5001111,363,Pc14,106,159,CAM98,PN Pc14,MASH,256.56153,-52.50011,1.5011295343373552,2.618302142942807,1.1171726086054516
336.8228897,-7.2375202,257.3996708,-52.2172139,364,K 2-17,139,13,DSS2,PN K 2-17,MASH,257.39967,-52.21721,0.6730131583882852,2.894882309570896,2.2218691511826107
337.0325355,8.4445784,240.5841667,-41.4530556,365,G337.0+08.4,0,41,MASH,PN G337.0+08.4,MASH,240.58417,-41.45306,1.0730355401852238,2.0117313457302197,0.9386958055449959
337.3141038,0.6360987,248.4916667,-46.8352778,366,G337.3+00.6,124,171,MASH,PN G337.3+00.6,MASH,248.49167,-46.83528,0.6417901405112776,2.769296696762736,2.1275065562514586
337.8455973,-4.1740294,254.4983333,-49.5575,367,G337.8-04.1,50,101,MASH,PN G337.8-04.1,MASH,254.49833,-49.5575,1.010008140210718,2.266221035647932,1.256212895437214
338.0029137,2.4448132,247.2708333,-45.0958333,368,G338.0+02.4,130,176,MASH,PN G338.0+02.4,MASH,247.27083,-45.09583,1.3365472287881286,2.164026892189854,0.8274796634017252
338.1993242,-8.3836416,260.1929208,-51.7542583,369,NGC 6326,54,110,DSS2,NGC 6326,MASH,260.19292,-51.75426,1.2251260021280448,2.232699891324465,1.0075738891964203
338.8042208,5.6814183,244.8462542,-42.2599944,370,He 2-155,61,106,DSS2,Hen 2-155,MASH,244.84625,-42.25999,0.04589880327781622,2.644798790067192,2.598899986789376
338.9642845,4.6418269,246.0004167,-42.8794444,371,G338.9+04.6,30,75,MASH,PN G338.9+04.6,MASH,246.00042,-42.87944,0.21861148818707307,3.077830219444617,2.859218731257544
339.0988029,0.9892038,249.8429167,-45.2763889,372,G339.1+00.9,164,32,MASH,PN G339.1+00.9,MASH,249.84292,-45.27639,0.3163969914147829,2.7317118802213805,2.4153148888065976
339.4626642,-6.4984657,258.8595833,-49.6541667,373,G339.4-06.5,13,67,MASH,PN G339.4-06.5,MASH,258.85958,-49.65417,0.10489345242092701,1.9574957498376593,1.8526022974167322
340.0068917,2.93233,248.6795833,-43.3,374,G340.0+02.9,0,47,MASH,PN G340.0+02.9,MASH,248.67958,-43.3,1.367150425365851,2.6354451421843796,1.2682947168185286
340.4818436,-14.1969361,270.2474375,-52.7389278,375,Sa 1-6,42,106,DSS2,PN Sa 1-6,MASH,270.24744,-52.73893,1.1447882482943972,2.138283453174389,0.9934952048799919
340.8953356,12.3413034,240.8425458,-36.014925,376,Lo 11,61,104,DSS2,PN Lo 11,MASH,240.84255,-36.01492,1.2575086529151758,2.067454764900293,0.8099461119851172
340.8685264,10.819871,242.1101,-37.1460694,377,Lo 12,86,130,DSS2,PN Lo 12,MASH,242.1101,-37.14607,0.4060704014596552,2.785171585311172,2.379101183851517
340.9353794,3.7533335,248.7070833,-42.0619444,378,G340.9+03.7,141,8,MASH,PN G340.9+03.7,MASH,248.70708,-42.06194,0.13330885258572844,3.0421724424337793,2.9088635898480506
341.6045924,13.7041532,240.3377875,-34.5435083,379,NGC 6026,63,106,DSS2,NGC 6026,MASH,240.33779,-34.54351,1.467039830922257,2.18296294422091,0.7159231132986532
341.7233444,2.5968321,250.5775,-42.2458333,380,G341.7+02.6,68,116,MASH,PN G341.7+02.6,MASH,250.5775,-42.24583,0.9049042980220252,1.8496259046136405,0.9447216065916153
342.0885018,-1.7433772,255.5179167,-44.7222222,381,G342.0-01.7,90,142,MASH,PN G342.0-01.7,MASH,255.51792,-44.72222,0.9772003931988011,2.1961342648853446,1.2189338716865434
342.1814694,10.852952,243.2419958,-36.2294611,382,NGC 6072,71,116,DSS2,NGC 6072,MASH,243.242,-36.22946,0.016361998294152236,3.12634627077404,3.109984272479888
342.5141142,-14.3130841,271.8158042,-51.0195583,383,Sp 3,144,28,DSS2,PN Sp 3,MASH,271.8158,-51.01956,0.35563735684932496,2.7929603585181875,2.4373230016688625
342.744135,0.7515755,253.3806125,-42.6565139,384,H 1-3,146,17,DSS2,PN H 1-3,MASH,253.38061,-42.65651,1.4784824517194288,2.559242459667153,1.0807600079477242
342.9645523,-4.9112069,259.8873917,-45.8879722,385,He 2-207,56,112,DSS2,Hen 2-207,MASH,259.88739,-45.88797,0.630642869420516,2.660189607287825,2.029546737867309
342.954596,-2.0485652,256.5939917,-44.2194333,386,Pe 1-8,61,114,DSS2,PN Pe 1-8,MASH,256.59399,-44.21943,0.3146970269714098,2.809842167577283,2.495145140605873
343.6393568,3.7334211,251.100525,-40.0557222,387,SuWt 3,77,127,DSS2,PN SuWt 3,MASH,251.10052,-40.05572,0.02406085428477262,3.117230578313604,3.093169724028831
343.9802005,-1.6351494,256.9875,-43.1513889,388,G343.9-01.6,116,169,MASH,PN G343.9-01.6,MASH,256.9875,-43.15139,0.9570527278965155,2.2760695022182764,1.319016774321761
344.2462855,-1.2141365,256.7452917,-42.6860417,389,H 1-6,145,18,DSS2,PN H 1-6,MASH,256.74529,-42.68604,0.4974341954888767,2.6690756242594937,2.171641428770617
345.2765745,-1.2488729,257.6141208,-41.8803944,390,H 1-7,66,120,CAM98,PN H 1-7,MASH,257.61412,-41.88039,0.9108015662486302,2.212231324035619,1.3014297577869887
345.3210333,-10.2152949,268.1961,-46.7004556,392,MeWe 1-11,41,102,DSS2,PN MeWe 1-11,MASH,268.1961,-46.70046,1.2860586488762924,2.6033080110824747,1.3172493622061823
345.4793576,0.1402496,256.293775,-40.8856778,393,IC 4637,0,53,DSS2,IC 4637,MASH,256.29377,-40.88568,0.163732653595255,1.6961673932172356,1.5324347396219806
345.6435974,6.7491993,249.8671333,-36.571225,394,He 2-175,94,143,DSS2,Hen 2-175,MASH,249.86713,-36.57122,0.521535017134062,1.6948020379843358,1.1732670208502738
345.8623669,2.7035017,253.96625,-39.0058333,395,G345.8+02.7,58,109,MASH,PN G345.8+02.7,MASH,253.96625,-39.00583,1.1547950807765577,3.0151209306557187,1.860325849879161
345.9001576,3.086139,253.6138625,-38.7364528,396,Vd 1-6,110,162,DSS2,PN Vd 1-6,MASH,253.61386,-38.73645,1.2952074574765058,3.1309088308580457,1.83570137338154
346.2616469,-8.21855,266.3682,-44.9044167,397,IC 4663,86,146,DSS2,IC 4663,MASH,266.3682,-44.90442,0.8527948506215121,2.5295838987513264,1.6767890481298142
346.9781639,12.4646943,245.8289083,-31.7495778,398,A 38,83,130,DSS2,PN A66  38,MASH,245.82891,-31.74958,0.35857410640487636,2.7908188999811068,2.4322447935762304
347.0318597,0.3502531,257.295,-39.5183333,399,G347.0+00.3,58,111,MASH,PN G347.0+00.3,MASH,257.295,-39.51833,0.5669394640519259,2.5974851017385303,2.0305456376866045
347.199164,-0.8691889,258.7054167,-40.1025,400,G347.2-00.8,97,151,MASH,PN G347.2-00.8,MASH,258.70542,-40.1025,1.41273181673194,1.990659780684622,0.577927963952682
347.4064437,1.825171,256.07,-38.3319444,401,G347.4+01.8,161,33,MASH,PN G347.4+01.8,MASH,256.07,-38.33194,0.2767142958828366,2.8881304394077216,2.611416143524885
348.0299551,-13.8532022,274.6334333,-45.9838056,402,IC 4699,28,92,CAM98,IC 4699,MASH,274.63343,-45.98381,1.5482880298133344,2.116379283152205,0.5680912533388707
349.1767712,-1.7665228,261.1279167,-38.9955556,403,G349.1-01.7,114,169,MASH,PN G349.1-01.7,MASH,261.12792,-38.99556,1.1111699440692107,2.0672951660350294,0.9561252219658187
349.3510151,-1.1156327,260.5652417,-38.4842972,404,NGC 6337,139,15,DSS2,NGC 6337,MASH,260.56524,-38.4843,1.4218559717108135,2.252702198017493,0.8308462263066794
349.5075275,1.0557265,258.4342125,-37.1044278,405,NGC 6302,83,137,DSS2,NGC 6302,MASH,258.43421,-37.10443,0.6005357268893181,2.850769465316179,2.2502337384268607
350.1424707,-3.9112433,264.1239292,-39.3658194,406,H 1-26,88,146,DSS2,PN H 1-26,MASH,264.12393,-39.36582,0.18939280864933833,2.9627882198736506,2.773395411224312
350.9406114,-2.9027347,263.5833333,-38.1516667,407,G350.9-02.9,53,110,MASH,PN G350.9-02.9,MASH,263.58333,-38.15167,1.4816940450383893,2.4527697195945506,0.9710756745561613
350.9088397,4.4021714,256.1510708,-33.9885417,408,H 2-1,7,59,HST,PN H 2-1,MASH,256.15107,-33.98854,0.4208970129565569,2.896311833943262,2.475414820986705
351.1704995,-3.9074166,264.8216667,-38.4955556,409,G351.1-03.9,170,47,MASH,PN G351.1-03.9,MASH,264.82167,-38.49556,1.1479573519192816,2.5499604338296185,1.4020030819103368
351.1991999,4.8365609,255.9450375,-33.4954861,410,M 1-19,0,52,HST,PN M 1-19,MASH,255.94504,-33.49549,0.74542010447934,2.4306782404334233,1.6852581359540832
352.2044331,2.4319652,258.9916667,-34.1119444,411,G352.2+02.4,96,150,MASH,PN G352.2+02.4,MASH,258.99167,-34.11194,0.9264958227365916,2.985705144165886,2.059209321429295
352.9472706,11.3960328,251.204375,-28.0679333,412,K 2-16,141,12,DSS2,PN K 2-16,MASH,251.20437,-28.06793,1.4404443843148538,1.7981325778383037,0.35768819352344994
353.3458721,-2.9176743,265.2095833,-36.1291667,413,G353.3-02.9,55,113,MASH,PN G353.3-02.9,MASH,265.20958,-36.12917,1.4971913659880027,2.0067133760061027,0.5095220100180999
353.7885844,-12.8973873,276.6740875,-40.4979222,414,Wray 16-411,87,152,DSS2,Wray 16-411,MASH,276.67409,-40.49792,0.6655246694210566,2.7565934462578214,2.0910687768367646
353.8115883,-3.7451932,266.3841667,-36.1658333,415,G353.8-03.7,177,55,MASH,PN G353.8-03.7,MASH,266.38417,-36.16583,0.24209450329166884,2.8956452009806157,2.6535506976889467
353.9082954,-5.8400237,268.6945833,-37.1469444,416,G353.9-05.8,36,96,MASH,PN G353.9-05.8,MASH,268.69458,-37.14694,0.672782483842606,2.843045055056595,2.170262571213989
354.0721728,4.7529195,258.0420833,-31.2444444,417,G354.0+04.7,132,6,MASH,PN G354.0+04.7,MASH,258.04208,-31.24444,0.663837519727618,2.549238024706246,1.885400504978628
354.0563633,-0.8704737,263.5570833,-34.4333333,418,G354.0-00.8,108,165,MASH,PN G354.0-00.8,MASH,263.55708,-34.43333,0.6655851931548492,2.8051041298385537,2.1395189366837046
354.5004276,4.8677401,258.2245833,-30.8311111,419,G354.5+04.8,112,166,MASH,PN G354.5+04.8,MASH,258.22458,-30.83111,0.27487178761511005,3.141376826473624,2.866505038858514
354.5476719,-3.9496712,267.0679167,-35.6419444,420,G354.5-03.9,31,90,MASH,PN G354.5-03.9,MASH,267.06792,-35.64194,0.99342051185531,1.6867540328771324,0.6933335210218224
354.9749676,-4.4329488,267.84625,-35.5216667,421,G354.9-04.4,41,100,MASH,PN G354.9-04.4,MASH,267.84625,-35.52167,0.5494750504424991,2.5879080747771583,2.038433024334659
355.092244,5.8516219,257.7,-29.7775,422,G355.0+05.8,25,79,MASH,PN G355.0+05.8,MASH,257.7,-29.7775,1.2074147266361541,3.0655786657194404,1.8581639390832863
355.1552176,3.7841382,259.6945833,-30.9247222,423,G355.1+03.7,10,65,MASH,PN G355.1+03.7,MASH,259.69458,-30.92472,0.6911604084956846,1.8415000075800427,1.1503395990843581
355.2966716,5.2550744,258.3954167,-29.9608333,424,G355.3+05.2,10,64,MASH,PN G355.3+05.2,MASH,258.39542,-29.96083,0.9973978472116951,2.595078358547172,1.5976805113354768
355.3693949,-4.0979855,267.7370833,-35.0127778,425,G355.3-04.1,130,9,MASH,PN G355.3-04.1,MASH,267.73708,-35.01278,0.01593678071507037,2.9329198099382103,2.91698302922314
355.4730796,-4.0974689,267.8006208,-34.9234194,426,Hf 2-1,40,99,CAM98,PN Hf 2-1,MASH,267.80062,-34.92342,0.8511540341130315,2.158274663517786,1.3071206294047546
355.4418331,-2.4681123,266.085825,-34.111275,427,M 3-14,164,43,DSS2,PN M 3-14,MASH,266.08582,-34.11127,0.8806441839206014,1.6180548453090435,0.7374106613884421
355.438849,3.6842631,259.9783333,-30.7494444,428,G355.4+03.6,167,42,MASH,PN G355.4+03.6,MASH,259.97833,-30.74944,0.2891530101120755,2.4362108923910997,2.1470578822790243
355.629826,4.1560551,259.655,-30.3236111,429,G355.6+04.1,24,79,MASH,PN G355.6+04.1,MASH,259.655,-30.32361,0.23607139460661436,2.8816348985302227,2.6455635039236083
355.6164074,-2.3909403,266.11625,-33.9222222,430,G355.6-02.3,50,108,MASH,PN G355.6-02.3,MASH,266.11625,-33.92222,0.3267215051477691,2.667802480704081,2.341080975556312
355.9867694,4.0965695,259.9466667,-30.0652778,431,G355.9+04.1,45,100,MASH,PN G355.9+04.1,MASH,259.94667,-30.06528,1.3662617362267193,1.640490313183897,0.2742285769571777
355.8985103,-4.4348015,268.4163333,-34.7276667,432,G355.9-04.4,131,10,MASH,PN G355.9-04.4,MASH,268.41633,-34.72767,1.4800237079237966,1.7894960139641654,0.3094723060403688
355.9038344,-4.2692256,268.2456083,-34.6397194,433,M 1-30,98,157,HST,PN M 1-30,MASH,268.24561,-34.63972,0.860618637630214,2.2762633098295915,1.4156446721993774
356.1231868,-3.3890584,267.4619292,-34.0043417,435,H 2-26,132,11,HST,PN H 2-26,MASH,267.46193,-34.00434,0.1071068637190148,3.0108015787414733,2.9036947150224584
356.5658231,5.1465564,259.3355458,-28.9915667,436,Th 3-3,102,157,DSS2,PN Th 3-3,MASH,259.33555,-28.99157,1.4984662497713088,1.9388012687692653,0.44033501899795646
356.5247436,2.2859711,262.0320833,-30.6383333,437,G356.5+02.2,65,121,MASH,PN G356.5+02.2,MASH,262.03208,-30.63833,0.11290467746677132,3.1284278795395872,3.0155232020728158
356.6219194,2.3225656,262.0591667,-30.5372222,438,G356.6+02.3,33,89,MASH,PN G356.6+02.3,MASH,262.05917,-30.53722,0.5264235045745981,2.683826269429643,2.157402764855045
356.6751618,-1.9152169,266.2908333,-32.7713889,439,G356.6-01.9,153,31,MASH,PN G356.6-01.9,MASH,266.29083,-32.77139,1.066911754613485,2.2051320439800124,1.1382202893665274
356.5542239,-3.9784519,268.3375125,-33.9328944,440,H 1-39,31,90,HST,PN H 1-39,MASH,268.33751,-33.93289,0.4700610413619991,2.718366460687186,2.248305419325187
356.985752,-5.8034864,270.5120042,-34.463075,441,M 2-24,62,123,DSS2,PN M 2-24,MASH,270.512,-34.46307,0.8563133227869753,2.249490963032591,1.393177640245616
357.2615039,7.2837035,257.8116667,-27.1919444,443,G357.2+07.2,55,109,MASH,PN G357.2+07.2,MASH,257.81167,-27.19194,1.1568573669688584,1.9201597213757031,0.7633023544068447
357.3336906,1.3124762,263.4925,-30.4961111,444,G357.3+01.3,50,107,MASH,PN G357.3+01.3,MASH,263.4925,-30.49611,0.6378449375635877,2.517308089740558,1.8794631521769702
357.6550935,1.069569,263.9310542,-30.3573389,445,TrBr 4,26,84,DSS2,PN TrBr 4,MASH,263.93105,-30.35734,1.1928061671526526,1.774616750979694,0.5818105838270413
357.6252891,-3.0720368,268.0491667,-32.5522222,446,G357.6-03.0,134,13,MASH,PN G357.6-03.0,MASH,268.04917,-32.55222,1.4486946831951388,2.7801004946130763,1.3314058114179375
357.6300846,-6.5637502,271.6929167,-34.2677778,447,G357.6-06.5,37,98,MASH,PN G357.6-06.5,MASH,271.69292,-34.26778,0.6445468869641403,1.6754108742323617,1.0308639872682215
357.8332264,1.6201103,263.5070833,-29.9097222,448,G357.8+01.6,155,32,MASH,PN G357.8+01.6,MASH,263.50708,-29.90972,0.33239562283253987,2.8884113871684534,2.5560157643359136
358.2338073,-1.1849589,266.5117417,-31.060925,449,Bl D,149,28,DSS2,PN Bl 1-D,MASH,266.51174,-31.06092,0.3603854137453239,2.7673663337287238,2.4069809199834
358.5356941,5.4706804,260.2979375,-27.193925,450,M 3-39,35,91,DSS2,PN M 3-39,MASH,260.29794,-27.19392,0.5112329314542429,2.4374313040505027,1.92619837259626
358.5040215,-7.3381677,273.0114708,-33.86865,451,NGC 6563,60,121,DSS2,NGC 6563,MASH,273.01147,-33.86865,1.0641653615354971,1.9295702351801012,0.8654048736446041
358.866645,-7.6164993,273.5091667,-33.68,452,G358.8-07.6 Pub Eqn,34,96,MASH,PN G358.8-07.6,MASH,273.50917,-33.68,1.0108354311423962,2.1596001960524287,1.1487647649100325
359.9327898,5.1888261,261.4306833,-26.1987417,453,M 3-9,116,173,DSS2,PN M 3-9,MASH,261.43068,-26.19874,1.5591878933237582,2.0166955366208787,0.45750764329712057
359.1657866,15.1198129,252.1438125,-21.014075,455,A40,72,125,DSS2,PN A66 40,MASH,252.14381,-21.01407,0.7933339498622523,2.7199907656978715,1.9266568158356192
359.2363465,1.2183642,264.7619583,-28.9430833,456,19w32,50,108,CAM98,WSTB 19w32,MASH,264.76196,-28.94308,0.8349795491805917,2.331370006289568,1.4963904571089763
359.3564881,-0.9804121,266.9841125,-29.994975,457,Hb 5,76,135,DSS2,PN Hb 5,MASH,266.98411,-29.99497,1.3485934460453,1.8488842323761823,0.5002907863308823
359.387627,-2.3019447,268.3179167,-30.6444444,458,G359.3-02.3,4,63,MASH,PN G359.3-02.3,MASH,268.31792,-30.64444,1.1873322151941101,2.239682381823514,1.0523501666294037
359.7135253,-4.3959542,270.62625,-31.4047222,459,G359.7-04.4a,0,60,MASH,PN G359.7-04.4a,MASH,270.62625,-31.40472,1.2647268799663967,2.0408113721962575,0.7760844922298609
